n_requested,n_actual,seed,accuracy,macro_f1,roc_auc
200,200,0,0.7522321428571429,0.7378307561722699,0.8091198979591837
200,200,1,0.765625,0.7484693741143759,0.8110544217687075
200,200,2,0.7700892857142857,0.7519979791790952,0.8315051020408164
200,200,3,0.7232142857142857,0.704050972787521,0.7838647959183673
200,200,4,0.71875,0.7033736205990542,0.7787414965986394
400,400,0,0.7633928571428571,0.7457543634222079,0.8144132653061225
400,400,1,0.7991071428571429,0.7824397824397824,0.8547300170068027
400,400,2,0.7321428571428571,0.7192513368983957,0.8007653061224489
400,400,3,0.7388392857142857,0.7265428137667663,0.8268069727891156
400,400,4,0.7321428571428571,0.7203495630461922,0.8124787414965986
800,800,0,0.7321428571428571,0.7156157426999576,0.8284651360544217
800,800,1,0.7700892857142857,0.7606427952672176,0.8358843537414965
800,800,2,0.8058035714285714,0.795404796774854,0.859672619047619
800,800,3,0.7522321428571429,0.7384044819695414,0.8382546768707484
800,800,4,0.7366071428571429,0.7183710870074798,0.8038052721088436
1200,1200,0,0.7946428571428571,0.7798854994445868,0.8480654761904763
1200,1200,1,0.75,0.7326912012274384,0.8400722789115647
1200,1200,2,0.7522321428571429,0.7347542924807579,0.8117772108843538
1200,1200,3,0.75,0.7384868763941876,0.8289965986394559
1200,1200,4,0.7589285714285714,0.7409572759396081,0.8324723639455782
1600,1600,0,0.7745535714285714,0.7619716457560693,0.851796343537415
1600,1600,1,0.765625,0.7497006943890174,0.8495110544217686
1600,1600,2,0.7611607142857143,0.7461326215556368,0.8374787414965985
1600,1600,3,0.7566964285714286,0.7425545263313282,0.8351190476190478
1600,1600,4,0.7633928571428571,0.7493613697299808,0.8393069727891156
1791,1791,0,0.765625,0.7520020666494446,0.8490221088435375
1791,1791,1,0.765625,0.7520020666494446,0.8491496598639455
1791,1791,2,0.765625,0.7520020666494446,0.8491071428571427
1791,1791,3,0.765625,0.7520020666494446,0.848937074829932
1791,1791,4,0.765625,0.7520020666494446,0.8488520408163265
