source,seed,target,commit,dirty,best_epoch,best_val_auc,acc,macro_f1,recall_malignant,roc_auc,pr_auc,prevalence
small,0,small,9541eda2,False,14,0.8313061872025383,0.782608695652174,0.7253731343283583,0.4838709677419355,0.8048651507139081,0.7075409846161425,0.33695653080940247
small,0,medium,9541eda2,False,14,0.8313061872025383,0.7046263345195729,0.6241923269041749,0.37362637362637363,0.7018507807981493,0.4994669226269382,0.32384341955184937
small,0,big,9541eda2,False,14,0.8313061872025383,0.5238095238095238,0.5138888888888888,0.3047619047619048,0.6415343915343915,0.749393665891308,0.625
small,1,small,9541eda2,False,25,0.8191433104177683,0.7717391304347826,0.721734120697105,0.5161290322580645,0.8408249603384452,0.7721732185732364,0.33695653080940247
small,1,medium,9541eda2,False,25,0.8191433104177683,0.7188612099644128,0.6481096932709836,0.4175824175824176,0.6801619433198381,0.5028003993363024,0.32384341955184937
small,1,big,9541eda2,False,25,0.8191433104177683,0.5773809523809523,0.5770062768183268,0.4380952380952381,0.6515495086923658,0.7854712824947147,0.625
small,2,small,9541eda2,False,15,0.8503437334743522,0.7934782608695652,0.7670265227242437,0.6774193548387096,0.8164992067689053,0.7217143907669217,0.33695653080940247
small,2,medium,9541eda2,False,15,0.8503437334743522,0.6832740213523132,0.6307272056109265,0.4725274725274725,0.7023713128976288,0.5008572624650489,0.32384341955184937
small,2,big,9541eda2,False,15,0.8503437334743522,0.5714285714285714,0.5712918660287081,0.44285714285714284,0.6380196523053666,0.7591179063155102,0.625
small,3,small,9541eda2,False,9,0.8297197250132204,0.6630434782608695,0.6198853791816606,0.4838709677419355,0.7562136435748281,0.6441139913152125,0.33695653080940247
small,3,medium,9541eda2,False,9,0.8297197250132204,0.6120996441281139,0.5740351853139559,0.4835164835164835,0.6572585309427414,0.5117522851459809,0.32384341955184937
small,3,big,9541eda2,False,9,0.8297197250132204,0.6607142857142857,0.6579877852780456,0.6,0.7154195011337869,0.8030391113208698,0.625
small,4,small,9541eda2,False,11,0.8276044420941302,0.7717391304347826,0.6999534089144277,0.41935483870967744,0.8228450555261766,0.7710763009594184,0.33695653080940247
small,4,medium,9541eda2,False,11,0.8276044420941302,0.7046263345195729,0.6209922485659034,0.3626373626373626,0.7090225563909773,0.5387441123826993,0.32384341955184937
small,4,big,9541eda2,False,11,0.8276044420941302,0.5089285714285714,0.49219143576826196,0.2619047619047619,0.6760770975056689,0.7732897590643886,0.625
small,5,small,9541eda2,False,15,0.8239026969857218,0.75,0.6952326083825435,0.4838709677419355,0.8350079323109466,0.7320068596279986,0.33695653080940247
small,5,medium,9541eda2,False,15,0.8239026969857218,0.701067615658363,0.5797008547008548,0.25274725274725274,0.6816657027183344,0.5216637130696886,0.32384341955184937
small,5,big,9541eda2,False,15,0.8239026969857218,0.5297619047619048,0.5191130113409906,0.3047619047619048,0.6727513227513228,0.7919659306094027,0.625
small,6,small,9541eda2,False,17,0.8228450555261766,0.7391304347826086,0.6854700854700855,0.4838709677419355,0.7979904812268641,0.685228746831282,0.33695653080940247
small,6,medium,9541eda2,False,17,0.8228450555261766,0.7330960854092526,0.6604147532266641,0.4175824175824176,0.7069404279930597,0.5381435355046498,0.32384341955184937
small,6,big,9541eda2,False,17,0.8228450555261766,0.5595238095238095,0.5572649572649573,0.3904761904761905,0.6647392290249432,0.7820208110514585,0.625
small,7,small,9541eda2,False,13,0.8001057641459545,0.7282608695652174,0.702650290885585,0.6451612903225806,0.7821258593336858,0.7358477707949591,0.33695653080940247
small,7,medium,9541eda2,False,13,0.8001057641459545,0.6370106761565836,0.5965371621621622,0.4945054945054945,0.6662810873337189,0.5197805089023461,0.32384341955184937
small,7,big,9541eda2,False,13,0.8001057641459545,0.625,0.6157978800638886,0.6238095238095238,0.6550264550264551,0.7775787355365099,0.625
small,8,small,9541eda2,False,20,0.8524590163934427,0.7717391304347826,0.7276955602536999,0.5483870967741935,0.8233738762559493,0.6814326903375683,0.33695653080940247
small,8,medium,9541eda2,False,20,0.8524590163934427,0.6868327402135231,0.6183950617283951,0.4065934065934066,0.6603238866396761,0.4877843552915139,0.32384341955184937
small,8,big,9541eda2,False,20,0.8524590163934427,0.5892857142857143,0.5890527509926262,0.4523809523809524,0.6786470143613,0.7993497772003045,0.625
small,9,small,9541eda2,False,16,0.8212585933368587,0.7608695652173914,0.7279569892473119,0.6129032258064516,0.8323638286620836,0.7338738540491108,0.33695653080940247
small,9,medium,9541eda2,False,16,0.8212585933368587,0.701067615658363,0.6113672286617492,0.34065934065934067,0.7321573163678426,0.5595041315497536,0.32384341955184937
small,9,big,9541eda2,False,16,0.8212585933368587,0.5505952380952381,0.5467369455487561,0.36666666666666664,0.6546107331821618,0.7839724373190203,0.625
medium,0,small,9541eda2,False,8,0.7943898207056103,0.6739130434782609,0.6577380952380952,0.6774193548387096,0.7006874669487044,0.4828160844287861,0.33695653080940247
medium,0,medium,9541eda2,False,8,0.7943898207056103,0.6903914590747331,0.6659561385529822,0.6483516483516484,0.7478311162521689,0.5918017217542576,0.32384341955184937
medium,0,big,9541eda2,False,8,0.7943898207056103,0.6488095238095238,0.647008547008547,0.5761904761904761,0.7352985638699925,0.8260762402567459,0.625
medium,1,small,9541eda2,False,6,0.7994794679005205,0.6847826086956522,0.6239605355884426,0.41935483870967744,0.674246430460074,0.5451957209041823,0.33695653080940247
medium,1,medium,9541eda2,False,6,0.7994794679005205,0.7153024911032029,0.6580260435682123,0.4725274725274725,0.7350491613649508,0.589106332149874,0.32384341955184937
medium,1,big,9541eda2,False,6,0.7994794679005205,0.5773809523809523,0.5744255744255744,0.3952380952380952,0.7051020408163265,0.8126617632684681,0.625
medium,2,small,9541eda2,False,7,0.7988432620011567,0.6739130434782609,0.6149553571428572,0.41935483870967744,0.6552088841882602,0.49206924194412993,0.33695653080940247
medium,2,medium,9541eda2,False,7,0.7988432620011567,0.7224199288256228,0.6773728214790391,0.5384615384615384,0.753903990746096,0.6151534273806087,0.32384341955184937
medium,2,big,9541eda2,False,7,0.7988432620011567,0.5922619047619048,0.5916506249611895,0.44285714285714284,0.6878306878306879,0.7868664784483554,0.625
medium,3,small,9541eda2,False,8,0.8146327356853672,0.6739130434782609,0.6541353383458646,0.6451612903225806,0.6842940243257535,0.5284869324181057,0.33695653080940247
medium,3,medium,9541eda2,False,8,0.8146327356853672,0.6832740213523132,0.6647811808859996,0.6923076923076923,0.7536148062463852,0.6389449412154024,0.32384341955184937
medium,3,big,9541eda2,False,8,0.8146327356853672,0.6279761904761905,0.6247822396926788,0.5761904761904761,0.7075207860922146,0.8124857868803758,0.625
medium,4,small,9541eda2,False,4,0.831578947368421,0.6956521739130435,0.6645833333333333,0.5806451612903226,0.6858804865150714,0.5058183135602249,0.33695653080940247
medium,4,medium,9541eda2,False,4,0.831578947368421,0.6654804270462633,0.6511253169907016,0.7142857142857143,0.7505494505494505,0.6279068979860003,0.32384341955184937
medium,4,big,9541eda2,False,4,0.831578947368421,0.6041666666666666,0.6035732344513737,0.5142857142857142,0.7005291005291004,0.8104325416214749,0.625
medium,5,small,9541eda2,False,8,0.8169462116830537,0.6086956521739131,0.5747303543913713,0.4838709677419355,0.6721311475409836,0.5011992466746552,0.33695653080940247
medium,5,medium,9541eda2,False,8,0.8169462116830537,0.693950177935943,0.6704756190683975,0.6593406593406593,0.7490456911509543,0.5840941722098767,0.32384341955184937
medium,5,big,9541eda2,False,8,0.8169462116830537,0.6517857142857143,0.6487961763523473,0.5952380952380952,0.7424792139077853,0.8295553277261574,0.625
medium,6,small,9541eda2,False,6,0.8237709658762291,0.6413043478260869,0.6017316017316017,0.4838709677419355,0.6663141195134848,0.4861639072061908,0.33695653080940247
medium,6,medium,9541eda2,False,6,0.8237709658762291,0.697508896797153,0.6722559929744638,0.6483516483516484,0.747194910352805,0.6074598250787822,0.32384341955184937
medium,6,big,9541eda2,False,6,0.8237709658762291,0.6369047619047619,0.6343656343656343,0.5761904761904761,0.7170068027210885,0.8056691965788745,0.625
medium,7,small,9541eda2,False,9,0.7954308849045691,0.7065217391304348,0.6568586821384169,0.4838709677419355,0.7006874669487044,0.5438196027145695,0.33695653080940247
medium,7,medium,9541eda2,False,9,0.7954308849045691,0.7544483985765125,0.718841084091008,0.6153846153846154,0.7731636784268363,0.6551961877777376,0.32384341955184937
medium,7,big,9541eda2,False,9,0.7954308849045691,0.5773809523809523,0.573512585812357,0.38571428571428573,0.7010582010582009,0.8128086944476229,0.625
medium,8,small,9541eda2,False,7,0.8325621746674378,0.6195652173913043,0.602616314945082,0.6129032258064516,0.6382866208355368,0.43854410115837483,0.33695653080940247
medium,8,medium,9541eda2,False,7,0.8325621746674378,0.6832740213523132,0.6681440002123114,0.7252747252747253,0.7359167148640833,0.5756004351091171,0.32384341955184937
medium,8,big,9541eda2,False,7,0.8325621746674378,0.6458333333333334,0.6367963519761644,0.6428571428571429,0.7179516250944822,0.8151855852379912,0.625
medium,9,small,9541eda2,False,5,0.8104106419895893,0.6304347826086957,0.6157248157248157,0.6451612903225806,0.6382866208355367,0.48410414407595204,0.33695653080940247
medium,9,medium,9541eda2,False,5,0.8104106419895893,0.6761565836298933,0.6584385226741468,0.6923076923076923,0.7492192018507807,0.5945951673497082,0.32384341955184937
medium,9,big,9541eda2,False,5,0.8104106419895893,0.6398809523809523,0.6363733934369047,0.5904761904761905,0.7261526832955404,0.8017856779905436,0.625
big,0,small,9541eda2,False,10,0.8284958427815571,0.6086956521739131,0.601923076923077,0.7096774193548387,0.6504494976203067,0.4205905242030312,0.33695653080940247
big,0,medium,9541eda2,False,10,0.8284958427815571,0.6227758007117438,0.584783093565295,0.4945054945054945,0.6434933487565067,0.43763172772568576,0.32384341955184937
big,0,big,9541eda2,False,10,0.8284958427815571,0.7767857142857143,0.7701715505212181,0.7571428571428571,0.8487150415721844,0.8786155960135276,0.625
big,1,small,9541eda2,False,12,0.8761337868480725,0.6086956521739131,0.5892857142857143,0.5806451612903226,0.6911686938127974,0.5020725929278163,0.33695653080940247
big,1,medium,9541eda2,False,12,0.8761337868480725,0.6263345195729537,0.5951397560272789,0.5384615384615384,0.6267784846732215,0.45370900898642874,0.32384341955184937
big,1,big,9541eda2,False,12,0.8761337868480725,0.7976190476190477,0.7878787878787878,0.8095238095238095,0.8628873771730915,0.9001426196275513,0.625
big,2,small,9541eda2,False,16,0.8754913076341648,0.6086956521739131,0.6086956521739131,0.9032258064516129,0.6676361713379164,0.43986151131093076,0.33695653080940247
big,2,medium,9541eda2,False,16,0.8754913076341648,0.5871886120996441,0.5753074838440693,0.6483516483516484,0.6215442452284557,0.39462398387291836,0.32384341955184937
big,2,big,9541eda2,False,16,0.8754913076341648,0.7976190476190477,0.7819764113134089,0.8523809523809524,0.8447089947089947,0.8924330793644448,0.625
big,3,small,9541eda2,False,12,0.8825774754346182,0.6304347826086957,0.6260162601626016,0.7741935483870968,0.6790058170280274,0.46379256780946304,0.33695653080940247
big,3,medium,9541eda2,False,12,0.8825774754346182,0.6370106761565836,0.6107398956975227,0.5824175824175825,0.641122035858878,0.44447323549353757,0.32384341955184937
big,3,big,9541eda2,False,12,0.8825774754346182,0.7648809523809523,0.760188640039029,0.7238095238095238,0.8399848828420257,0.8830642599937368,0.625
big,4,small,9541eda2,False,17,0.8958427815570673,0.6086956521739131,0.6057142857142856,0.7741935483870968,0.6800634584875727,0.4957616208030274,0.33695653080940247
big,4,medium,9541eda2,False,17,0.8958427815570673,0.604982206405694,0.5909752547307132,0.6483516483516484,0.658155002891845,0.4532706050091269,0.32384341955184937
big,4,big,9541eda2,False,17,0.8958427815570673,0.8154761904761905,0.8043870192307692,0.8428571428571429,0.8623960695389267,0.8913713212564893,0.625
big,5,small,9541eda2,False,33,0.8818972033257748,0.6304347826086957,0.6288561936402468,0.8387096774193549,0.6787414066631412,0.4600858130844987,0.33695653080940247
big,5,medium,9541eda2,False,33,0.8818972033257748,0.6512455516014235,0.6213146314631464,0.5714285714285714,0.6497108155002892,0.4470651927469818,0.32384341955184937
big,5,big,9541eda2,False,33,0.8818972033257748,0.8273809523809523,0.8113309840065058,0.8952380952380953,0.8579365079365079,0.8839768852211924,0.625
big,6,small,9541eda2,False,14,0.8569349962207106,0.6195652173913043,0.619520264681555,0.9354838709677419,0.6753040719196193,0.44533592817746737,0.33695653080940247
big,6,medium,9541eda2,False,14,0.8569349962207106,0.6156583629893239,0.5966507177033493,0.6153846153846154,0.6241469057258531,0.4395993488091446,0.32384341955184937
big,6,big,9541eda2,False,14,0.8569349962207106,0.8125,0.799680139300281,0.8523809523809524,0.8620181405895689,0.8956781961214838,0.625
big,7,small,9541eda2,False,16,0.865230536659108,0.6304347826086957,0.6189083820662769,0.6774193548387096,0.7028027498677948,0.4932478555834018,0.33695653080940247
big,7,medium,9541eda2,False,16,0.865230536659108,0.6120996441281139,0.5720114581150004,0.4725274725274725,0.602486986697513,0.3923882598969919,0.32384341955184937
big,7,big,9541eda2,False,16,0.865230536659108,0.7767857142857143,0.7701715505212181,0.7571428571428571,0.8512282690854119,0.8806955138640278,0.625
big,8,small,9541eda2,False,50,0.878968253968254,0.6304347826086957,0.6302600472813239,0.9032258064516129,0.722104706504495,0.47561262625198397,0.33695653080940247
big,8,medium,9541eda2,False,50,0.878968253968254,0.5907473309608541,0.5698044384094146,0.5714285714285714,0.6314921920185077,0.42523964288212546,0.32384341955184937
big,8,big,9541eda2,False,50,0.878968253968254,0.8125,0.8003150735328799,0.8476190476190476,0.8679138321995464,0.8954093491807202,0.625
big,9,small,9541eda2,False,35,0.8895880574452004,0.6086956521739131,0.6079545454545454,0.8387096774193549,0.6731887890005288,0.43979260940285525,0.33695653080940247
big,9,medium,9541eda2,False,35,0.8895880574452004,0.6334519572953736,0.6120501306882917,0.6153846153846154,0.6509543088490458,0.42986542668051575,0.32384341955184937
big,9,big,9541eda2,False,35,0.8895880574452004,0.8214285714285714,0.8101194288512978,0.8523809523809524,0.877267573696145,0.8993118242823247,0.625
